{
  "view/fragment/HeaderContent.fragment.xml": 1694362605059,
  "i18n/i18n_en.properties": 1694011118327,
  "i18n/i18n.properties": 1694619573023,
  "controller/LandingPage.controller.js": 1694707004940,
  "model/models.js": 1694570487116,
  "controller/SupplierInfo.controller.js": 1694707050552,
  "manifest.json": 1694708168867,
  "controller/App.controller.js": 1693922669561,
  "Component.js": 1693922669545,
  "Component-preload.js": 1694708169109,
  "controller/SupplierInfo-dbg.controller.js": 1694707050552,
  "model/models-dbg.js": 1694570487116,
  "controller/LandingPage-dbg.controller.js": 1694707004940,
  "controller/App-dbg.controller.js": 1693922669561,
  "Component-dbg.js": 1693922669545,
  "view/fragment/SupplierShareholder.fragment.xml": 1694627934873,
  "view/fragment/SupplierInfoRequest.fragment.xml": 1694539619895,
  "view/fragment/SupplierInfoConfirm.fragment.xml": 1694593068449,
  "view/fragment/SupplierCorporate.fragment.xml": 1694624661825,
  "view/fragment/SupplierComplete.fragment.xml": 1694453995768,
  "view/fragment/OneTimePassword.fragment.xml": 1694542646368,
  "view/fragment/LandingPage.fragment.xml": 1694543276612,
  "i18n/i18n_en_US.properties": 1694011062511,
  "view/fragment/FooterContent.fragment.xml": 1694281030668,
  "view/SupplierInfo.view.xml": 1694448851529,
  "view/LandingPage.view.xml": 1694542497862,
  "view/App.view.xml": 1694362808483,
  "images/VISA.png": 1693922911921,
  "images/Global.png": 1694363753423,
  "css/style.css": 1694628092374,
  "index.html": 1693922669545
}