{
  "css/style.css": 1695232445265,
  "i18n/i18n_en_US.properties": 1694011062511,
  "i18n/i18n.properties": 1695111138638,
  "manifest.json": 1695281379986,
  "model/models.js": 1695203403632,
  "controller/SupplierInfo.controller.js": 1695280085097,
  "controller/LandingPage.controller.js": 1695203531917,
  "controller/App.controller.js": 1693922669561,
  "Component.js": 1693922669545,
  "Component-preload.js": 1695281380533,
  "controller/App-dbg.controller.js": 1693922669561,
  "controller/SupplierInfo-dbg.controller.js": 1695280085097,
  "controller/LandingPage-dbg.controller.js": 1695203531917,
  "model/models-dbg.js": 1695203403632,
  "Component-dbg.js": 1693922669545,
  "view/fragment/SupplierShareholder.fragment.xml": 1695279977998,
  "view/fragment/SupplierInfoRequest.fragment.xml": 1694539619895,
  "view/fragment/SupplierInfoConfirm.fragment.xml": 1695225400061,
  "view/fragment/SupplierCorporate.fragment.xml": 1695233033857,
  "view/fragment/SupplierComplete.fragment.xml": 1694453995768,
  "view/fragment/ShareholderPopup.fragment.xml": 1695230138919,
  "view/fragment/OneTimePassword.fragment.xml": 1694542646368,
  "view/fragment/LandingPage.fragment.xml": 1694543276612,
  "view/fragment/HeaderContent.fragment.xml": 1694362605059,
  "view/fragment/FooterContent.fragment.xml": 1695111188758,
  "view/SupplierInfo.view.xml": 1694448851529,
  "view/LandingPage.view.xml": 1694542497862,
  "view/App.view.xml": 1694362808483,
  "images/VISA.png": 1693922911921,
  "images/Group.svg": 1695059715177,
  "images/Global.png": 1694363753423,
  "images/CheckCircle.svg": 1695059620345,
  "i18n/i18n_en.properties": 1694011118327,
  "index.html": 1693922669545
}