{
  "view/fragment/CardInfo.fragment.xml": 1697044042470,
  "i18n/i18n_en.properties": 1697044042470,
  "i18n/i18n.properties": 1697471856873,
  "controller/CardInfo.controller.js": 1697468438131,
  "model/models.js": 1697470138428,
  "model/formatter.js": 1697044042470,
  "controller/SupplierInfo.controller.js": 1697562291445,
  "controller/LandingPage.controller.js": 1697562948399,
  "controller/CardLandingPage.controller.js": 1697470138428,
  "manifest.json": 1697563516956,
  "controller/App.controller.js": 1697468438131,
  "Component.js": 1697044042470,
  "Component-preload.js": 1697563517496,
  "controller/CardLandingPage-dbg.controller.js": 1697470138428,
  "model/formatter-dbg.js": 1697044042470,
  "controller/SupplierInfo-dbg.controller.js": 1697562291445,
  "controller/LandingPage-dbg.controller.js": 1697562948399,
  "model/models-dbg.js": 1697470138428,
  "controller/CardInfo-dbg.controller.js": 1697468438131,
  "controller/App-dbg.controller.js": 1697468438131,
  "Component-dbg.js": 1697044042470,
  "view/fragment/SupplierShareholder.fragment.xml": 1697470138432,
  "view/fragment/SupplierInfoRequest.fragment.xml": 1697470138428,
  "view/fragment/SupplierInfoConfirm.fragment.xml": 1697510354845,
  "view/fragment/SupplierCorporate.fragment.xml": 1697481431057,
  "view/fragment/SupplierComplete.fragment.xml": 1697044042470,
  "view/fragment/ShareholderPopup.fragment.xml": 1697044042470,
  "view/fragment/OneTimePassword.fragment.xml": 1697556636593,
  "view/fragment/LandingPage.fragment.xml": 1697555903368,
  "view/fragment/HeaderContent.fragment.xml": 1697044042470,
  "view/fragment/FooterContent.fragment.xml": 1697044042470,
  "i18n/i18n_en_US.properties": 1697044042470,
  "view/SupplierInfo.view.xml": 1697044042470,
  "view/LandingPage.view.xml": 1697044042470,
  "view/CardLandingPage.view.xml": 1697044042470,
  "view/CardInfo.view.xml": 1697044042470,
  "view/App.view.xml": 1697044042470,
  "images/VISA.png": 1697044042470,
  "images/Group.svg": 1697044042470,
  "images/Global.png": 1697044042470,
  "images/CheckCircle.svg": 1697044042470,
  "css/style.css": 1697044042470,
  "index.html": 1697044042470
}