{
  "controller/CardLandingPage.controller.js": 1697470138428,
  "i18n/i18n_en_US.properties": 1697044042470,
  "i18n/i18n.properties": 1701879884727,
  "controller/LandingPage.controller.js": 1701885497076,
  "model/models.js": 1701409536093,
  "model/formatter.js": 1697044042470,
  "controller/SupplierInfo.controller.js": 1701884873759,
  "manifest.json": 1701885543533,
  "i18n/i18n_en.properties": 1697044042470,
  "controller/CardInfo.controller.js": 1697468438131,
  "controller/App.controller.js": 1697468438131,
  "Component.js": 1697044042470,
  "Component-preload.js": 1701885544241,
  "controller/CardLandingPage-dbg.controller.js": 1697470138428,
  "model/formatter-dbg.js": 1697044042470,
  "controller/SupplierInfo-dbg.controller.js": 1701884873759,
  "controller/LandingPage-dbg.controller.js": 1701885497076,
  "model/models-dbg.js": 1701409536093,
  "controller/CardInfo-dbg.controller.js": 1697468438131,
  "controller/App-dbg.controller.js": 1697468438131,
  "Component-dbg.js": 1697044042470,
  "view/fragment/SupplierShareholder.fragment.xml": 1701840120090,
  "view/fragment/SupplierInfoRequest.fragment.xml": 1697470138428,
  "view/fragment/SupplierInfoConfirm.fragment.xml": 1697729974237,
  "view/fragment/SupplierCorporate.fragment.xml": 1701852874105,
  "view/fragment/SupplierComplete.fragment.xml": 1697044042470,
  "view/fragment/ShareholderPopup.fragment.xml": 1701883895041,
  "view/fragment/OneTimePassword.fragment.xml": 1697556636593,
  "view/fragment/LandingPage.fragment.xml": 1697555903368,
  "view/fragment/HeaderContent.fragment.xml": 1697044042470,
  "view/fragment/FooterContent.fragment.xml": 1697044042470,
  "view/fragment/CardInfo.fragment.xml": 1697044042470,
  "css/font/VisaDialect-Regular.woff2": 1700588623287,
  "css/font/VisaDialect-Bold.woff2": 1700588623283,
  "view/SupplierInfo.view.xml": 1697044042470,
  "view/LandingPage.view.xml": 1697044042470,
  "view/CardLandingPage.view.xml": 1697044042470,
  "view/CardInfo.view.xml": 1697044042470,
  "view/App.view.xml": 1697044042470,
  "images/VISA.png": 1697044042470,
  "images/Group.svg": 1697044042470,
  "images/Global.png": 1697044042470,
  "images/CheckCircle.svg": 1697044042470,
  "css/style.css": 1700588741020,
  "index.html": 1697044042470
}