{
  "images/Global.png": 1696995720271,
  "i18n/i18n_en_US.properties": 1696995720271,
  "i18n/i18n.properties": 1697083400696,
  "controller/App.controller.js": 1696995720271,
  "model/models.js": 1697101157989,
  "model/formatter.js": 1696995720271,
  "controller/SupplierInfo.controller.js": 1697101562563,
  "controller/LandingPage.controller.js": 1697091843979,
  "controller/CardLandingPage.controller.js": 1697101157985,
  "controller/CardInfo.controller.js": 1697005168211,
  "manifest.json": 1697101656450,
  "Component.js": 1696995720271,
  "Component-preload.js": 1697101657277,
  "model/formatter-dbg.js": 1696995720271,
  "model/models-dbg.js": 1697101157989,
  "controller/SupplierInfo-dbg.controller.js": 1697101562563,
  "controller/LandingPage-dbg.controller.js": 1697091843979,
  "controller/CardLandingPage-dbg.controller.js": 1697101157985,
  "controller/CardInfo-dbg.controller.js": 1697005168211,
  "controller/App-dbg.controller.js": 1696995720271,
  "Component-dbg.js": 1696995720271,
  "view/fragment/SupplierShareholder.fragment.xml": 1696995720271,
  "view/fragment/SupplierInfoRequest.fragment.xml": 1696995720271,
  "view/fragment/SupplierInfoConfirm.fragment.xml": 1696995720271,
  "view/fragment/SupplierCorporate.fragment.xml": 1696995720271,
  "view/fragment/SupplierComplete.fragment.xml": 1696995720271,
  "view/fragment/ShareholderPopup.fragment.xml": 1696995720271,
  "view/fragment/ReportInfoPopup.fragment.xml": 1696995720271,
  "view/fragment/OneTimePassword.fragment.xml": 1696995720271,
  "view/fragment/LandingPage.fragment.xml": 1696995720271,
  "view/fragment/HeaderContent.fragment.xml": 1696995720271,
  "view/fragment/FooterContent.fragment.xml": 1696995720271,
  "view/fragment/CardInfo.fragment.xml": 1696995720271,
  "view/SupplierInfo.view.xml": 1696995720271,
  "view/LandingPage.view.xml": 1696995720271,
  "view/CardLandingPage.view.xml": 1696995720271,
  "view/CardInfo.view.xml": 1696995720271,
  "view/App.view.xml": 1696995720271,
  "images/VISA.png": 1696995720271,
  "images/Group.svg": 1696995720271,
  "i18n/i18n_en.properties": 1696995720271,
  "images/CheckCircle.svg": 1696995720271,
  "css/style.css": 1696995720271,
  "index.html": 1696995720271
}