{
  "model/formatter.js": 1702522608221,
  "i18n/i18n_en.properties": 1702522608221,
  "i18n/i18n_en_US.properties": 1702522608221,
  "manifest.json": 1702636671258,
  "model/models.js": 1702632678115,
  "i18n/i18n.properties": 1702522608221,
  "controller/SupplierInfo.controller.js": 1702545382025,
  "controller/LandingPage.controller.js": 1702522608221,
  "controller/CardLandingPage.controller.js": 1702634931499,
  "controller/CardInfo.controller.js": 1702632483908,
  "controller/App.controller.js": 1702522608221,
  "Component.js": 1702522608221,
  "Component-preload.js": 1702636678145,
  "controller/SupplierInfo-dbg.controller.js": 1702545382025,
  "model/formatter-dbg.js": 1702522608221,
  "model/models-dbg.js": 1702632678115,
  "controller/LandingPage-dbg.controller.js": 1702522608221,
  "controller/CardLandingPage-dbg.controller.js": 1702634931499,
  "controller/CardInfo-dbg.controller.js": 1702632483908,
  "controller/App-dbg.controller.js": 1702522608221,
  "Component-dbg.js": 1702522608221,
  "view/fragment/SupplierShareholder.fragment.xml": 1702522608221,
  "view/fragment/SupplierInfoRequest.fragment.xml": 1702522608221,
  "view/fragment/SupplierInfoConfirm.fragment.xml": 1702522608221,
  "view/fragment/SupplierCorporate.fragment.xml": 1702522608221,
  "view/fragment/SupplierComplete.fragment.xml": 1702522608221,
  "view/fragment/ShareholderPopup.fragment.xml": 1702522608221,
  "view/fragment/OneTimePassword.fragment.xml": 1702522608221,
  "view/fragment/LandingPage.fragment.xml": 1702522608221,
  "view/fragment/HeaderContent.fragment.xml": 1702522608221,
  "view/fragment/FooterContent.fragment.xml": 1702522608221,
  "view/fragment/CardInfo.fragment.xml": 1702635659607,
  "css/font/VisaDialect-Regular.woff2": 1702522608221,
  "css/font/VisaDialect-Bold.woff2": 1702522608221,
  "view/SupplierInfo.view.xml": 1702522608221,
  "view/LandingPage.view.xml": 1702522608221,
  "view/CardLandingPage.view.xml": 1702522608221,
  "view/CardInfo.view.xml": 1702522608221,
  "view/App.view.xml": 1702522608221,
  "images/VISA.png": 1702522608221,
  "images/Group.svg": 1702522608221,
  "images/Global.png": 1702522608221,
  "images/CheckCircle.svg": 1702522608221,
  "css/style.css": 1702522608221,
  "index.html": 1702522608221
}