{
  "view/fragment/CardInfo.fragment.xml": 1704257655390,
  "i18n/i18n_en.properties": 1704257655390,
  "i18n/i18n.properties": 1704257655390,
  "manifest.json": 1706430960064,
  "model/models.js": 1704707754231,
  "model/formatter.js": 1704707382974,
  "controller/SupplierInfo.controller.js": 1704871214121,
  "controller/LandingPage.controller.js": 1706153276474,
  "controller/CardLandingPage.controller.js": 1704703145363,
  "controller/CardInfo.controller.js": 1704257655386,
  "controller/App.controller.js": 1704257655386,
  "Component.js": 1704257655386,
  "Component-preload.js": 1706430960677,
  "controller/App-dbg.controller.js": 1704257655386,
  "model/formatter-dbg.js": 1704707382974,
  "controller/SupplierInfo-dbg.controller.js": 1704871214121,
  "controller/LandingPage-dbg.controller.js": 1706153276474,
  "controller/CardLandingPage-dbg.controller.js": 1704703145363,
  "controller/CardInfo-dbg.controller.js": 1704257655386,
  "model/models-dbg.js": 1704707754231,
  "Component-dbg.js": 1704257655386,
  "view/fragment/SupplierShareholder.fragment.xml": 1704257655390,
  "view/fragment/SupplierInfoRequest.fragment.xml": 1704257655390,
  "view/fragment/SupplierInfoConfirm.fragment.xml": 1704257655390,
  "view/fragment/SupplierCorporate.fragment.xml": 1706155206832,
  "view/fragment/SupplierComplete.fragment.xml": 1704257655390,
  "view/fragment/ShareholderPopup.fragment.xml": 1704257655390,
  "view/fragment/OneTimePassword.fragment.xml": 1704257655390,
  "view/fragment/LandingPage.fragment.xml": 1704257655390,
  "view/fragment/HeaderContent.fragment.xml": 1704257655390,
  "view/fragment/FooterContent.fragment.xml": 1704257655390,
  "i18n/i18n_en_US.properties": 1704257655390,
  "css/font/VisaDialect-Regular.woff2": 1704257655390,
  "css/font/VisaDialect-Bold.woff2": 1704257655390,
  "view/SupplierInfo.view.xml": 1704257655390,
  "view/LandingPage.view.xml": 1704257655390,
  "view/CardLandingPage.view.xml": 1704257655390,
  "view/CardInfo.view.xml": 1704257655390,
  "view/App.view.xml": 1704257655390,
  "images/VISA.png": 1704257655390,
  "images/Group.svg": 1704257655390,
  "images/Global.png": 1704257655390,
  "images/CheckCircle.svg": 1704257655390,
  "css/style.css": 1704257655390,
  "index.html": 1706170901942
}