{
  "controller/LandingPage.controller.js": 1696074037565,
  "i18n/i18n_en.properties": 1694080868912,
  "i18n/i18n_en_US.properties": 1694080868912,
  "i18n/i18n.properties": 1695893963755,
  "model/models.js": 1696079182355,
  "controller/SupplierInfo.controller.js": 1696082478065,
  "manifest.json": 1696082529391,
  "controller/CardLandingPage.controller.js": 1696073908947,
  "controller/CardInfo.controller.js": 1696082346427,
  "controller/App.controller.js": 1693980945159,
  "Component.js": 1693980945159,
  "Component-preload.js": 1696082529914,
  "controller/LandingPage-dbg.controller.js": 1696074037565,
  "controller/SupplierInfo-dbg.controller.js": 1696082478065,
  "model/models-dbg.js": 1696079182355,
  "controller/CardLandingPage-dbg.controller.js": 1696073908947,
  "controller/CardInfo-dbg.controller.js": 1696082346427,
  "controller/App-dbg.controller.js": 1693980945159,
  "Component-dbg.js": 1693980945159,
  "view/fragment/SupplierShareholder.fragment.xml": 1695709368859,
  "view/fragment/SupplierInfoRequest.fragment.xml": 1695874337964,
  "view/fragment/SupplierInfoConfirm.fragment.xml": 1695709368859,
  "view/fragment/SupplierCorporate.fragment.xml": 1695921283274,
  "view/fragment/SupplierComplete.fragment.xml": 1694506291357,
  "view/fragment/ShareholderPopup.fragment.xml": 1695874337964,
  "view/fragment/OneTimePassword.fragment.xml": 1694745597721,
  "view/fragment/LandingPage.fragment.xml": 1694745597717,
  "view/fragment/HeaderContent.fragment.xml": 1694399310850,
  "view/fragment/FooterContent.fragment.xml": 1695175219690,
  "view/fragment/CardInfo.fragment.xml": 1695975558756,
  "view/SupplierInfo.view.xml": 1694506291353,
  "view/LandingPage.view.xml": 1694745597717,
  "view/CardLandingPage.view.xml": 1695888746909,
  "view/CardInfo.view.xml": 1695828426522,
  "view/App.view.xml": 1694399310850,
  "images/VISA.png": 1693980945159,
  "images/Group.svg": 1695175219690,
  "images/Global.png": 1694399310850,
  "images/CheckCircle.svg": 1695175219690,
  "css/style.css": 1695893963751,
  "index.html": 1693980945159
}